<?xml version="1.0" encoding="UTF-8"?>
<project-private xmlns="http://www.netbeans.org/ns/project-private/1">
    <editor-bookmarks xmlns="http://www.netbeans.org/ns/editor-bookmarks/2" lastBookmarkId="0"/>
    <open-files xmlns="http://www.netbeans.org/ns/projectui-open-files/2">
        <group>
            <file>file:/C:/Users/Raul%20V/Documents/NetBeansProjects/STIM/web/accesorios_comprados.jsp</file>
            <file>file:/C:/Users/Raul%20V/Documents/NetBeansProjects/STIM/web/juegos_comprados.jsp</file>
            <file>file:/C:/Users/Raul%20V/Documents/NetBeansProjects/STIM/web/bienvenido.jsp</file>
            <file>file:/C:/Users/Raul%20V/Documents/NetBeansProjects/STIM/web/desarrollador.jsp</file>
            <file>file:/C:/Users/Raul%20V/Documents/NetBeansProjects/STIM/web/transacciones.jsp</file>
            <file>file:/C:/Users/Raul%20V/Documents/NetBeansProjects/STIM/web/ajustes.jsp</file>
            <file>file:/C:/Users/Raul%20V/Documents/NetBeansProjects/STIM/web/juegos_rentados.jsp</file>
        </group>
    </open-files>
</project-private>
